{
	"info": {
		"_postman_id": "bf03ae41-80c4-4b5e-877c-efe8afc1c6b2",
		"name": "workshop-d2",
		"schema": "https://schema.getpostman.com/json/collection/v2.1.0/collection.json",
		"_exporter_id": "11730979"
	},
	"item": [
		{
			"name": "auth",
			"item": [
				{
					"name": "10-register",
					"event": [
						{
							"listen": "test",
							"script": {
								"exec": [
									"let response = pm.response.json();",
									"",
									"// Extract the token",
									"let token = response.access_token;",
									"",
									"// Set the token as a collection variable",
									"",
									"pm.collectionVariables.set(\"access_token\", token);",
									"",
									"",
									"// Optionally, log the token to the console for debugging",
									"console.log(\"Token set to collection variable: \" + token);"
								],
								"type": "text/javascript",
								"packages": {}
							}
						}
					],
					"request": {
						"auth": {
							"type": "bearer",
							"bearer": [
								{
									"key": "token",
									"value": "",
									"type": "string"
								}
							]
						},
						"method": "POST",
						"header": [],
						"body": {
							"mode": "raw",
							"raw": "{\n    \"email\" : \"john42@mail.com\",\n    \"name\" : \"john\",\n    \"password\" : \"123456\",\n    \"confirmPassword\" : \"123456\",\n    \"isAdmin\" : true\n}",
							"options": {
								"raw": {
									"language": "json"
								}
							}
						},
						"url": {
							"raw": "{{BASE_URL}}/auth/register",
							"host": [
								"{{BASE_URL}}"
							],
							"path": [
								"auth",
								"register"
							]
						}
					},
					"response": [
						{
							"name": "dup-email",
							"originalRequest": {
								"method": "POST",
								"header": [],
								"body": {
									"mode": "raw",
									"raw": "{\n    \"email\" : \"john10@mail.com\",\n    \"name\" : \"john\",\n    \"password\" : \"123456\",\n    \"confirmPassword\" : \"123456\",\n    \"isAdmin\" : false\n}",
									"options": {
										"raw": {
											"language": "json"
										}
									}
								},
								"url": {
									"raw": "{{BASE_URL}}/auth/register",
									"host": [
										"{{BASE_URL}}"
									],
									"path": [
										"auth",
										"register"
									]
								}
							},
							"status": "Bad Request",
							"code": 400,
							"_postman_previewlanguage": "json",
							"header": [
								{
									"key": "Content-Security-Policy",
									"value": "default-src 'self';base-uri 'self';font-src 'self' https: data:;form-action 'self';frame-ancestors 'self';img-src 'self' data:;object-src 'none';script-src 'self';script-src-attr 'none';style-src 'self' https: 'unsafe-inline';upgrade-insecure-requests"
								},
								{
									"key": "Cross-Origin-Opener-Policy",
									"value": "same-origin"
								},
								{
									"key": "Cross-Origin-Resource-Policy",
									"value": "same-origin"
								},
								{
									"key": "Origin-Agent-Cluster",
									"value": "?1"
								},
								{
									"key": "Referrer-Policy",
									"value": "no-referrer"
								},
								{
									"key": "Strict-Transport-Security",
									"value": "max-age=15552000; includeSubDomains"
								},
								{
									"key": "X-Content-Type-Options",
									"value": "nosniff"
								},
								{
									"key": "X-DNS-Prefetch-Control",
									"value": "off"
								},
								{
									"key": "X-Download-Options",
									"value": "noopen"
								},
								{
									"key": "X-Frame-Options",
									"value": "SAMEORIGIN"
								},
								{
									"key": "X-Permitted-Cross-Domain-Policies",
									"value": "none"
								},
								{
									"key": "X-XSS-Protection",
									"value": "0"
								},
								{
									"key": "Access-Control-Allow-Origin",
									"value": "*"
								},
								{
									"key": "X-RateLimit-Limit",
									"value": "100"
								},
								{
									"key": "X-RateLimit-Remaining",
									"value": "98"
								},
								{
									"key": "Date",
									"value": "Mon, 24 Jun 2024 20:28:12 GMT"
								},
								{
									"key": "X-RateLimit-Reset",
									"value": "1719261787"
								},
								{
									"key": "Content-Type",
									"value": "application/json; charset=utf-8"
								},
								{
									"key": "Content-Length",
									"value": "51"
								},
								{
									"key": "ETag",
									"value": "W/\"33-UJYzeWFToAmonNwLQo3YO7POXX4\""
								},
								{
									"key": "Connection",
									"value": "keep-alive"
								},
								{
									"key": "Keep-Alive",
									"value": "timeout=5"
								}
							],
							"cookie": [],
							"body": "{\n    \"status\": \"error\",\n    \"message\": \"Email already exists\"\n}"
						},
						{
							"name": "success",
							"originalRequest": {
								"method": "POST",
								"header": [],
								"body": {
									"mode": "raw",
									"raw": "{\n    \"email\" : \"john20@mail.com\",\n    \"name\" : \"john\",\n    \"password\" : \"123456\",\n    \"confirmPassword\" : \"123456\",\n    \"isAdmin\" : false\n}",
									"options": {
										"raw": {
											"language": "json"
										}
									}
								},
								"url": {
									"raw": "{{BASE_URL}}/auth/register",
									"host": [
										"{{BASE_URL}}"
									],
									"path": [
										"auth",
										"register"
									]
								}
							},
							"status": "Created",
							"code": 201,
							"_postman_previewlanguage": "json",
							"header": [
								{
									"key": "Content-Security-Policy",
									"value": "default-src 'self';base-uri 'self';font-src 'self' https: data:;form-action 'self';frame-ancestors 'self';img-src 'self' data:;object-src 'none';script-src 'self';script-src-attr 'none';style-src 'self' https: 'unsafe-inline';upgrade-insecure-requests"
								},
								{
									"key": "Cross-Origin-Opener-Policy",
									"value": "same-origin"
								},
								{
									"key": "Cross-Origin-Resource-Policy",
									"value": "same-origin"
								},
								{
									"key": "Origin-Agent-Cluster",
									"value": "?1"
								},
								{
									"key": "Referrer-Policy",
									"value": "no-referrer"
								},
								{
									"key": "Strict-Transport-Security",
									"value": "max-age=15552000; includeSubDomains"
								},
								{
									"key": "X-Content-Type-Options",
									"value": "nosniff"
								},
								{
									"key": "X-DNS-Prefetch-Control",
									"value": "off"
								},
								{
									"key": "X-Download-Options",
									"value": "noopen"
								},
								{
									"key": "X-Frame-Options",
									"value": "SAMEORIGIN"
								},
								{
									"key": "X-Permitted-Cross-Domain-Policies",
									"value": "none"
								},
								{
									"key": "X-XSS-Protection",
									"value": "0"
								},
								{
									"key": "Access-Control-Allow-Origin",
									"value": "*"
								},
								{
									"key": "X-RateLimit-Limit",
									"value": "100"
								},
								{
									"key": "X-RateLimit-Remaining",
									"value": "99"
								},
								{
									"key": "Date",
									"value": "Mon, 24 Jun 2024 20:30:13 GMT"
								},
								{
									"key": "X-RateLimit-Reset",
									"value": "1719261914"
								},
								{
									"key": "Content-Type",
									"value": "application/json; charset=utf-8"
								},
								{
									"key": "Content-Length",
									"value": "270"
								},
								{
									"key": "ETag",
									"value": "W/\"10e-iJ1tHmCZwn1Y9kFMS6+vfYalUTc\""
								},
								{
									"key": "Connection",
									"value": "keep-alive"
								},
								{
									"key": "Keep-Alive",
									"value": "timeout=5"
								}
							],
							"cookie": [],
							"body": "{\n    \"message\": \"User created\",\n    \"data\": {\n        \"id\": 4,\n        \"email\": \"john20@mail.com\",\n        \"name\": \"john\",\n        \"isAdmin\": false,\n        \"deletedAt\": null\n    },\n    \"access_token\": \"eyJhbGciOiJIUzI1NiIsInR5cCI6IkpXVCJ9.eyJpZCI6NCwiaWF0IjoxNzE5MjYxMDE0LCJleHAiOjE3MTk4NjU4MTR9.byyrNqZG8m_km86xRmfZ0oO0ySnHbvuuhWSF_hE1e2Q\"\n}"
						}
					]
				},
				{
					"name": "11-login",
					"event": [
						{
							"listen": "test",
							"script": {
								"exec": [
									"let response = pm.response.json();",
									"",
									"// Extract the token",
									"let token = response.access_token;",
									"",
									"// Set the token as a collection variable",
									"pm.collectionVariables.set(\"access_token\", token);",
									"",
									"// Optionally, log the token to the console for debugging",
									"console.log(\"Token set to collection variable: \" + token);"
								],
								"type": "text/javascript",
								"packages": {}
							}
						},
						{
							"listen": "prerequest",
							"script": {
								"exec": [
									""
								],
								"type": "text/javascript",
								"packages": {}
							}
						}
					],
					"request": {
						"method": "POST",
						"header": [],
						"body": {
							"mode": "raw",
							"raw": "{\n    \"email\" : \"john20@mail.com\",\n    \"password\" : \"123456\"\n}",
							"options": {
								"raw": {
									"language": "json"
								}
							}
						},
						"url": {
							"raw": "{{BASE_URL}}/auth/login",
							"host": [
								"{{BASE_URL}}"
							],
							"path": [
								"auth",
								"login"
							]
						}
					},
					"response": [
						{
							"name": "success",
							"originalRequest": {
								"method": "POST",
								"header": [],
								"body": {
									"mode": "raw",
									"raw": "{\n    \"email\" : \"john20@mail.com\",\n    \"password\" : \"123456\"\n}",
									"options": {
										"raw": {
											"language": "json"
										}
									}
								},
								"url": {
									"raw": "{{BASE_URL}}/auth/login",
									"host": [
										"{{BASE_URL}}"
									],
									"path": [
										"auth",
										"login"
									]
								}
							},
							"status": "OK",
							"code": 200,
							"_postman_previewlanguage": "json",
							"header": [
								{
									"key": "Content-Security-Policy",
									"value": "default-src 'self';base-uri 'self';font-src 'self' https: data:;form-action 'self';frame-ancestors 'self';img-src 'self' data:;object-src 'none';script-src 'self';script-src-attr 'none';style-src 'self' https: 'unsafe-inline';upgrade-insecure-requests"
								},
								{
									"key": "Cross-Origin-Opener-Policy",
									"value": "same-origin"
								},
								{
									"key": "Cross-Origin-Resource-Policy",
									"value": "same-origin"
								},
								{
									"key": "Origin-Agent-Cluster",
									"value": "?1"
								},
								{
									"key": "Referrer-Policy",
									"value": "no-referrer"
								},
								{
									"key": "Strict-Transport-Security",
									"value": "max-age=15552000; includeSubDomains"
								},
								{
									"key": "X-Content-Type-Options",
									"value": "nosniff"
								},
								{
									"key": "X-DNS-Prefetch-Control",
									"value": "off"
								},
								{
									"key": "X-Download-Options",
									"value": "noopen"
								},
								{
									"key": "X-Frame-Options",
									"value": "SAMEORIGIN"
								},
								{
									"key": "X-Permitted-Cross-Domain-Policies",
									"value": "none"
								},
								{
									"key": "X-XSS-Protection",
									"value": "0"
								},
								{
									"key": "Access-Control-Allow-Origin",
									"value": "*"
								},
								{
									"key": "X-RateLimit-Limit",
									"value": "100"
								},
								{
									"key": "X-RateLimit-Remaining",
									"value": "99"
								},
								{
									"key": "Date",
									"value": "Mon, 24 Jun 2024 20:31:17 GMT"
								},
								{
									"key": "X-RateLimit-Reset",
									"value": "1719261978"
								},
								{
									"key": "Content-Type",
									"value": "application/json; charset=utf-8"
								},
								{
									"key": "Content-Length",
									"value": "271"
								},
								{
									"key": "ETag",
									"value": "W/\"10f-/DF9bBpje8cKydt90EM0TZvTGBw\""
								},
								{
									"key": "Connection",
									"value": "keep-alive"
								},
								{
									"key": "Keep-Alive",
									"value": "timeout=5"
								}
							],
							"cookie": [],
							"body": "{\n    \"message\": \"Login success\",\n    \"data\": {\n        \"id\": 4,\n        \"email\": \"john20@mail.com\",\n        \"name\": \"john\",\n        \"isAdmin\": false,\n        \"deletedAt\": null\n    },\n    \"access_token\": \"eyJhbGciOiJIUzI1NiIsInR5cCI6IkpXVCJ9.eyJpZCI6NCwiaWF0IjoxNzE5MjYxMDc3LCJleHAiOjE3MTk4NjU4Nzd9.sFhzq0K7SQ-jCCYO9Kcxj7QT_PRJiVna0rYi2bip-6I\"\n}"
						},
						{
							"name": "failed",
							"originalRequest": {
								"method": "POST",
								"header": [],
								"body": {
									"mode": "raw",
									"raw": "{\n    \"email\" : \"john20@mail.com\",\n    \"password\" : \"12345\"\n}",
									"options": {
										"raw": {
											"language": "json"
										}
									}
								},
								"url": {
									"raw": "{{BASE_URL}}/auth/login",
									"host": [
										"{{BASE_URL}}"
									],
									"path": [
										"auth",
										"login"
									]
								}
							},
							"status": "Bad Request",
							"code": 400,
							"_postman_previewlanguage": "json",
							"header": [
								{
									"key": "Content-Security-Policy",
									"value": "default-src 'self';base-uri 'self';font-src 'self' https: data:;form-action 'self';frame-ancestors 'self';img-src 'self' data:;object-src 'none';script-src 'self';script-src-attr 'none';style-src 'self' https: 'unsafe-inline';upgrade-insecure-requests"
								},
								{
									"key": "Cross-Origin-Opener-Policy",
									"value": "same-origin"
								},
								{
									"key": "Cross-Origin-Resource-Policy",
									"value": "same-origin"
								},
								{
									"key": "Origin-Agent-Cluster",
									"value": "?1"
								},
								{
									"key": "Referrer-Policy",
									"value": "no-referrer"
								},
								{
									"key": "Strict-Transport-Security",
									"value": "max-age=15552000; includeSubDomains"
								},
								{
									"key": "X-Content-Type-Options",
									"value": "nosniff"
								},
								{
									"key": "X-DNS-Prefetch-Control",
									"value": "off"
								},
								{
									"key": "X-Download-Options",
									"value": "noopen"
								},
								{
									"key": "X-Frame-Options",
									"value": "SAMEORIGIN"
								},
								{
									"key": "X-Permitted-Cross-Domain-Policies",
									"value": "none"
								},
								{
									"key": "X-XSS-Protection",
									"value": "0"
								},
								{
									"key": "Access-Control-Allow-Origin",
									"value": "*"
								},
								{
									"key": "X-RateLimit-Limit",
									"value": "100"
								},
								{
									"key": "X-RateLimit-Remaining",
									"value": "98"
								},
								{
									"key": "Date",
									"value": "Mon, 24 Jun 2024 20:33:20 GMT"
								},
								{
									"key": "X-RateLimit-Reset",
									"value": "1719261978"
								},
								{
									"key": "Content-Type",
									"value": "application/json; charset=utf-8"
								},
								{
									"key": "Content-Length",
									"value": "50"
								},
								{
									"key": "ETag",
									"value": "W/\"32-nHlhgoBn2rOjY/pQURBWBfOmom4\""
								},
								{
									"key": "Connection",
									"value": "keep-alive"
								},
								{
									"key": "Keep-Alive",
									"value": "timeout=5"
								}
							],
							"cookie": [],
							"body": "{\n    \"status\": \"error\",\n    \"message\": \"Invalid credentials\"\n}"
						}
					]
				},
				{
					"name": "12-profile",
					"request": {
						"method": "GET",
						"header": [],
						"url": {
							"raw": "{{BASE_URL}}/auth/profile",
							"host": [
								"{{BASE_URL}}"
							],
							"path": [
								"auth",
								"profile"
							]
						}
					},
					"response": []
				},
				{
					"name": "13-profile",
					"request": {
						"method": "PATCH",
						"header": [],
						"url": {
							"raw": "{{BASE_URL}}/auth/profile",
							"host": [
								"{{BASE_URL}}"
							],
							"path": [
								"auth",
								"profile"
							]
						}
					},
					"response": []
				},
				{
					"name": "14-profile",
					"request": {
						"method": "DELETE",
						"header": [],
						"url": {
							"raw": "{{BASE_URL}}/auth/profile",
							"host": [
								"{{BASE_URL}}"
							],
							"path": [
								"auth",
								"profile"
							]
						}
					},
					"response": []
				}
			]
		},
		{
			"name": "users",
			"item": [
				{
					"name": "1-all users",
					"request": {
						"auth": {
							"type": "bearer",
							"bearer": [
								{
									"key": "token",
									"value": "{{access_token}}",
									"type": "string"
								}
							]
						},
						"method": "GET",
						"header": [],
						"url": {
							"raw": "{{BASE_URL}}/users",
							"host": [
								"{{BASE_URL}}"
							],
							"path": [
								"users"
							]
						}
					},
					"response": []
				},
				{
					"name": "2-user by Id",
					"request": {
						"auth": {
							"type": "bearer",
							"bearer": [
								{
									"key": "token",
									"value": "{{access_token}}",
									"type": "string"
								}
							]
						},
						"method": "GET",
						"header": [],
						"url": {
							"raw": "{{BASE_URL}}/users/20",
							"host": [
								"{{BASE_URL}}"
							],
							"path": [
								"users",
								"20"
							]
						}
					},
					"response": []
				},
				{
					"name": "14-user",
					"request": {
						"method": "DELETE",
						"header": [],
						"url": {
							"raw": "{{BASE_URL}}/users/1",
							"host": [
								"{{BASE_URL}}"
							],
							"path": [
								"users",
								"1"
							]
						}
					},
					"response": []
				}
			]
		},
		{
			"name": "movies",
			"item": [
				{
					"name": "3-all movie",
					"request": {
						"method": "GET",
						"header": [],
						"url": {
							"raw": "{{BASE_URL}}/movies?genre=Crime",
							"host": [
								"{{BASE_URL}}"
							],
							"path": [
								"movies"
							],
							"query": [
								{
									"key": "genre",
									"value": "Crime"
								}
							]
						}
					},
					"response": []
				},
				{
					"name": "4-movie by Id",
					"request": {
						"method": "GET",
						"header": [],
						"url": {
							"raw": "{{BASE_URL}}/movies/2",
							"host": [
								"{{BASE_URL}}"
							],
							"path": [
								"movies",
								"2"
							]
						}
					},
					"response": []
				},
				{
					"name": "9-create movie",
					"request": {
						"method": "POST",
						"header": [],
						"body": {
							"mode": "raw",
							"raw": "{\n        \"title\": \"The Matrix-9999\",\n        \"description\": \"A computer hacker learns about the true nature of his reality.\",\n        \"image\": \"https://example.com/matrix.jpg\",\n        \"releaseDate\": \"1999-03-31T00:00:00.000Z\",\n        \"genre\": \"Action\",\n        \"duration\" : 50,\n        \"rating\": 8.7\n}",
							"options": {
								"raw": {
									"language": "json"
								}
							}
						},
						"url": {
							"raw": "{{BASE_URL}}/movies",
							"host": [
								"{{BASE_URL}}"
							],
							"path": [
								"movies"
							]
						}
					},
					"response": []
				},
				{
					"name": "21-update movie",
					"request": {
						"method": "PATCH",
						"header": [],
						"url": {
							"raw": "{{BASE_URL}}/movies/1",
							"host": [
								"{{BASE_URL}}"
							],
							"path": [
								"movies",
								"1"
							]
						}
					},
					"response": []
				},
				{
					"name": "15-delete movie",
					"request": {
						"method": "DELETE",
						"header": [],
						"url": {
							"raw": "{{BASE_URL}}/movies/1",
							"host": [
								"{{BASE_URL}}"
							],
							"path": [
								"movies",
								"1"
							]
						}
					},
					"response": []
				},
				{
					"name": "19-restore movie",
					"request": {
						"method": "PATCH",
						"header": [],
						"url": {
							"raw": "{{BASE_URL}}/movies/1/restore",
							"host": [
								"{{BASE_URL}}"
							],
							"path": [
								"movies",
								"1",
								"restore"
							]
						}
					},
					"response": []
				}
			]
		},
		{
			"name": "movie-lists",
			"item": [
				{
					"name": "5-all movie list",
					"request": {
						"method": "GET",
						"header": [],
						"url": {
							"raw": "{{BASE_URL}}/movie-lists",
							"host": [
								"{{BASE_URL}}"
							],
							"path": [
								"movie-lists"
							]
						}
					},
					"response": []
				},
				{
					"name": "6-one movie list",
					"request": {
						"method": "GET",
						"header": [],
						"url": {
							"raw": "{{BASE_URL}}/movie-lists/1",
							"host": [
								"{{BASE_URL}}"
							],
							"path": [
								"movie-lists",
								"1"
							]
						}
					},
					"response": []
				},
				{
					"name": "7-create movie list",
					"request": {
						"method": "POST",
						"header": [],
						"body": {
							"mode": "raw",
							"raw": "{\n    \"name\" : \"my-list\",\n    \"userId\" : 1\n}",
							"options": {
								"raw": {
									"language": "json"
								}
							}
						},
						"url": {
							"raw": "{{BASE_URL}}/movie-lists",
							"host": [
								"{{BASE_URL}}"
							],
							"path": [
								"movie-lists"
							]
						}
					},
					"response": [
						{
							"name": "7-create movie list",
							"originalRequest": {
								"method": "POST",
								"header": [],
								"body": {
									"mode": "raw",
									"raw": "{\n    \"name\" : \"my-list\",\n    \"userId\" : 1\n}",
									"options": {
										"raw": {
											"language": "json"
										}
									}
								},
								"url": {
									"raw": "{{BASE_URL}}/movie-lists",
									"host": [
										"{{BASE_URL}}"
									],
									"path": [
										"movie-lists"
									]
								}
							},
							"status": "Created",
							"code": 201,
							"_postman_previewlanguage": "json",
							"header": [
								{
									"key": "X-Powered-By",
									"value": "Express"
								},
								{
									"key": "Content-Type",
									"value": "application/json; charset=utf-8"
								},
								{
									"key": "Content-Length",
									"value": "75"
								},
								{
									"key": "ETag",
									"value": "W/\"4b-MlblYuKqhDo4kGxlvBUAIPGjIOk\""
								},
								{
									"key": "Date",
									"value": "Mon, 24 Jun 2024 19:46:28 GMT"
								},
								{
									"key": "Connection",
									"value": "keep-alive"
								},
								{
									"key": "Keep-Alive",
									"value": "timeout=5"
								}
							],
							"cookie": [],
							"body": "{\n    \"message\": \"Create Movie List\",\n    \"data\": {\n        \"id\": 3,\n        \"name\": \"my-list\",\n        \"userId\": 1\n    }\n}"
						}
					]
				},
				{
					"name": "18-update movie list",
					"request": {
						"method": "PATCH",
						"header": [],
						"url": {
							"raw": "{{BASE_URL}}/movie-lists/1",
							"host": [
								"{{BASE_URL}}"
							],
							"path": [
								"movie-lists",
								"1"
							]
						}
					},
					"response": []
				},
				{
					"name": "17-delete movie lists",
					"request": {
						"method": "DELETE",
						"header": [],
						"url": {
							"raw": "{{BASE_URL}}/movie-lists/1",
							"host": [
								"{{BASE_URL}}"
							],
							"path": [
								"movie-lists",
								"1"
							]
						}
					},
					"response": []
				},
				{
					"name": "8-add movie to list",
					"request": {
						"method": "POST",
						"header": [],
						"body": {
							"mode": "raw",
							"raw": "",
							"options": {
								"raw": {
									"language": "json"
								}
							}
						},
						"url": {
							"raw": "{{BASE_URL}}/movie-lists/1/movies/1",
							"host": [
								"{{BASE_URL}}"
							],
							"path": [
								"movie-lists",
								"1",
								"movies",
								"1"
							]
						}
					},
					"response": []
				},
				{
					"name": "16-delete movie from list",
					"request": {
						"method": "DELETE",
						"header": [],
						"url": {
							"raw": "{{BASE_URL}}/movie-lists/1/movies/1",
							"host": [
								"{{BASE_URL}}"
							],
							"path": [
								"movie-lists",
								"1",
								"movies",
								"1"
							]
						}
					},
					"response": []
				}
			]
		},
		{
			"name": "reviews-alt",
			"item": [
				{
					"name": "22-get all review by movieId",
					"request": {
						"method": "GET",
						"header": [],
						"url": {
							"raw": "{{BASE_URL}}/reviews/1",
							"host": [
								"{{BASE_URL}}"
							],
							"path": [
								"reviews",
								"1"
							]
						}
					},
					"response": []
				},
				{
					"name": "23-get review by movieId",
					"request": {
						"method": "GET",
						"header": [],
						"url": {
							"raw": "{{BASE_URL}}/reviews/1/1",
							"host": [
								"{{BASE_URL}}"
							],
							"path": [
								"reviews",
								"1",
								"1"
							]
						}
					},
					"response": []
				},
				{
					"name": "24-create review",
					"request": {
						"method": "POST",
						"header": [],
						"url": {
							"raw": "{{BASE_URL}}/reviews",
							"host": [
								"{{BASE_URL}}"
							],
							"path": [
								"reviews"
							]
						}
					},
					"response": []
				},
				{
					"name": "25-update review",
					"request": {
						"method": "PATCH",
						"header": [],
						"url": {
							"raw": "{{BASE_URL}}/reviews/1",
							"host": [
								"{{BASE_URL}}"
							],
							"path": [
								"reviews",
								"1"
							]
						}
					},
					"response": []
				},
				{
					"name": "26-delete review",
					"request": {
						"method": "DELETE",
						"header": [],
						"url": {
							"raw": "{{BASE_URL}}/reviews/1",
							"host": [
								"{{BASE_URL}}"
							],
							"path": [
								"reviews",
								"1"
							]
						}
					},
					"response": []
				}
			]
		}
	],
	"auth": {
		"type": "bearer",
		"bearer": [
			{
				"key": "token",
				"value": "{{token}}",
				"type": "string"
			}
		]
	},
	"event": [
		{
			"listen": "prerequest",
			"script": {
				"type": "text/javascript",
				"packages": {},
				"exec": [
					""
				]
			}
		},
		{
			"listen": "test",
			"script": {
				"type": "text/javascript",
				"packages": {},
				"exec": [
					""
				]
			}
		}
	],
	"variable": [
		{
			"key": "BASE_URL",
			"value": "http://localhost:8000/api",
			"type": "string"
		},
		{
			"key": "token",
			"value": ""
		},
		{
			"key": "access_token",
			"value": ""
		}
	]
}